"customer_id","full_name","email","amount","tier"
5550000,"Zephyrina Quillfeather000","zq000.real@secret-corp.example",7000.17,"gold"
5550007,"Zephyrina Quillfeather001","zq001.real@secret-corp.example",7013.54,"silver"
5550014,"Zephyrina Quillfeather002","zq002.real@secret-corp.example",7026.91,"bronze"
5550021,"Zephyrina Quillfeather003","zq003.real@secret-corp.example",7040.28,"gold"
5550028,"Zephyrina Quillfeather004","zq004.real@secret-corp.example",7053.65,"silver"
5550035,"Zephyrina Quillfeather005","zq005.real@secret-corp.example",7067.02,"bronze"
5550042,"Zephyrina Quillfeather006","zq006.real@secret-corp.example",7080.39,"gold"
5550049,"Zephyrina Quillfeather007","zq007.real@secret-corp.example",7093.76,"silver"
5550056,"Zephyrina Quillfeather008","zq008.real@secret-corp.example",7107.13,"bronze"
5550063,"Zephyrina Quillfeather009","zq009.real@secret-corp.example",7120.5,"gold"
5550070,"Zephyrina Quillfeather010","zq010.real@secret-corp.example",7133.87,"silver"
5550077,"Zephyrina Quillfeather011","zq011.real@secret-corp.example",7147.24,"bronze"
5550084,"Zephyrina Quillfeather012","zq012.real@secret-corp.example",7160.61,"gold"
5550091,"Zephyrina Quillfeather013","zq013.real@secret-corp.example",7173.98,"silver"
5550098,"Zephyrina Quillfeather014","zq014.real@secret-corp.example",7187.35,"bronze"
5550105,"Zephyrina Quillfeather015","zq015.real@secret-corp.example",7200.72,"gold"
5550112,"Zephyrina Quillfeather016","zq016.real@secret-corp.example",7214.09,"silver"
5550119,"Zephyrina Quillfeather017","zq017.real@secret-corp.example",7227.46,"bronze"
5550126,"Zephyrina Quillfeather018","zq018.real@secret-corp.example",7240.83,"gold"
5550133,"Zephyrina Quillfeather019","zq019.real@secret-corp.example",7254.2,"silver"
5550140,"Zephyrina Quillfeather020","zq020.real@secret-corp.example",7267.57,"bronze"
5550147,"Zephyrina Quillfeather021","zq021.real@secret-corp.example",7280.94,"gold"
5550154,"Zephyrina Quillfeather022","zq022.real@secret-corp.example",7294.31,"silver"
5550161,"Zephyrina Quillfeather023","zq023.real@secret-corp.example",7307.68,"bronze"
5550168,"Zephyrina Quillfeather024","zq024.real@secret-corp.example",7321.05,"gold"
5550175,"Zephyrina Quillfeather025","zq025.real@secret-corp.example",7334.42,"silver"
5550182,"Zephyrina Quillfeather026","zq026.real@secret-corp.example",7347.79,"bronze"
5550189,"Zephyrina Quillfeather027","zq027.real@secret-corp.example",7361.16,"gold"
5550196,"Zephyrina Quillfeather028","zq028.real@secret-corp.example",7374.53,"silver"
5550203,"Zephyrina Quillfeather029","zq029.real@secret-corp.example",7387.9,"bronze"
5550210,"Zephyrina Quillfeather030","zq030.real@secret-corp.example",7401.27,"gold"
5550217,"Zephyrina Quillfeather031","zq031.real@secret-corp.example",7414.64,"silver"
5550224,"Zephyrina Quillfeather032","zq032.real@secret-corp.example",7428.01,"bronze"
5550231,"Zephyrina Quillfeather033","zq033.real@secret-corp.example",7441.38,"gold"
5550238,"Zephyrina Quillfeather034","zq034.real@secret-corp.example",7454.75,"silver"
5550245,"Zephyrina Quillfeather035","zq035.real@secret-corp.example",7468.12,"bronze"
5550252,"Zephyrina Quillfeather036","zq036.real@secret-corp.example",7481.49,"gold"
5550259,"Zephyrina Quillfeather037","zq037.real@secret-corp.example",7494.86,"silver"
5550266,"Zephyrina Quillfeather038","zq038.real@secret-corp.example",7508.23,"bronze"
5550273,"Zephyrina Quillfeather039","zq039.real@secret-corp.example",7521.6,"gold"
5550280,"Zephyrina Quillfeather040","zq040.real@secret-corp.example",7534.97,"silver"
5550287,"Zephyrina Quillfeather041","zq041.real@secret-corp.example",7548.34,"bronze"
5550294,"Zephyrina Quillfeather042","zq042.real@secret-corp.example",7561.71,"gold"
5550301,"Zephyrina Quillfeather043","zq043.real@secret-corp.example",7575.08,"silver"
5550308,"Zephyrina Quillfeather044","zq044.real@secret-corp.example",7588.45,"bronze"
5550315,"Zephyrina Quillfeather045","zq045.real@secret-corp.example",7601.82,"gold"
5550322,"Zephyrina Quillfeather046","zq046.real@secret-corp.example",7615.19,"silver"
5550329,"Zephyrina Quillfeather047","zq047.real@secret-corp.example",7628.56,"bronze"
5550336,"Zephyrina Quillfeather048","zq048.real@secret-corp.example",7641.93,"gold"
5550343,"Zephyrina Quillfeather049","zq049.real@secret-corp.example",7655.3,"silver"
5550350,"Zephyrina Quillfeather050","zq050.real@secret-corp.example",7668.67,"bronze"
5550357,"Zephyrina Quillfeather051","zq051.real@secret-corp.example",7682.04,"gold"
5550364,"Zephyrina Quillfeather052","zq052.real@secret-corp.example",7695.41,"silver"
5550371,"Zephyrina Quillfeather053","zq053.real@secret-corp.example",7708.78,"bronze"
5550378,"Zephyrina Quillfeather054","zq054.real@secret-corp.example",7722.15,"gold"
5550385,"Zephyrina Quillfeather055","zq055.real@secret-corp.example",7735.52,"silver"
5550392,"Zephyrina Quillfeather056","zq056.real@secret-corp.example",7748.89,"bronze"
5550399,"Zephyrina Quillfeather057","zq057.real@secret-corp.example",7762.26,"gold"
5550406,"Zephyrina Quillfeather058","zq058.real@secret-corp.example",7775.63,"silver"
5550413,"Zephyrina Quillfeather059","zq059.real@secret-corp.example",7789,"bronze"
5550420,"Zephyrina Quillfeather060","zq060.real@secret-corp.example",7802.37,"gold"
5550427,"Zephyrina Quillfeather061","zq061.real@secret-corp.example",7815.74,"silver"
5550434,"Zephyrina Quillfeather062","zq062.real@secret-corp.example",7829.11,"bronze"
5550441,"Zephyrina Quillfeather063","zq063.real@secret-corp.example",7842.48,"gold"
5550448,"Zephyrina Quillfeather064","zq064.real@secret-corp.example",7855.85,"silver"
5550455,"Zephyrina Quillfeather065","zq065.real@secret-corp.example",7869.22,"bronze"
5550462,"Zephyrina Quillfeather066","zq066.real@secret-corp.example",7882.59,"gold"
5550469,"Zephyrina Quillfeather067","zq067.real@secret-corp.example",7895.96,"silver"
5550476,"Zephyrina Quillfeather068","zq068.real@secret-corp.example",7909.33,"bronze"
5550483,"Zephyrina Quillfeather069","zq069.real@secret-corp.example",7922.7,"gold"
5550490,"Zephyrina Quillfeather070","zq070.real@secret-corp.example",7936.07,"silver"
5550497,"Zephyrina Quillfeather071","zq071.real@secret-corp.example",7949.44,"bronze"
5550504,"Zephyrina Quillfeather072","zq072.real@secret-corp.example",7962.81,"gold"
5550511,"Zephyrina Quillfeather073","zq073.real@secret-corp.example",7976.18,"silver"
5550518,"Zephyrina Quillfeather074","zq074.real@secret-corp.example",7989.55,"bronze"
5550525,"Zephyrina Quillfeather075","zq075.real@secret-corp.example",8002.92,"gold"
5550532,"Zephyrina Quillfeather076","zq076.real@secret-corp.example",8016.29,"silver"
5550539,"Zephyrina Quillfeather077","zq077.real@secret-corp.example",8029.66,"bronze"
5550546,"Zephyrina Quillfeather078","zq078.real@secret-corp.example",8043.03,"gold"
5550553,"Zephyrina Quillfeather079","zq079.real@secret-corp.example",8056.4,"silver"
5550560,"Zephyrina Quillfeather080","zq080.real@secret-corp.example",8069.77,"bronze"
5550567,"Zephyrina Quillfeather081","zq081.real@secret-corp.example",8083.14,"gold"
5550574,"Zephyrina Quillfeather082","zq082.real@secret-corp.example",8096.51,"silver"
5550581,"Zephyrina Quillfeather083","zq083.real@secret-corp.example",8109.88,"bronze"
5550588,"Zephyrina Quillfeather084","zq084.real@secret-corp.example",8123.25,"gold"
5550595,"Zephyrina Quillfeather085","zq085.real@secret-corp.example",8136.62,"silver"
5550602,"Zephyrina Quillfeather086","zq086.real@secret-corp.example",8149.99,"bronze"
5550609,"Zephyrina Quillfeather087","zq087.real@secret-corp.example",8163.36,"gold"
5550616,"Zephyrina Quillfeather088","zq088.real@secret-corp.example",8176.73,"silver"
5550623,"Zephyrina Quillfeather089","zq089.real@secret-corp.example",8190.1,"bronze"
5550630,"Zephyrina Quillfeather090","zq090.real@secret-corp.example",8203.47,"gold"
5550637,"Zephyrina Quillfeather091","zq091.real@secret-corp.example",8216.84,"silver"
5550644,"Zephyrina Quillfeather092","zq092.real@secret-corp.example",8230.21,"bronze"
5550651,"Zephyrina Quillfeather093","zq093.real@secret-corp.example",8243.58,"gold"
5550658,"Zephyrina Quillfeather094","zq094.real@secret-corp.example",8256.95,"silver"
5550665,"Zephyrina Quillfeather095","zq095.real@secret-corp.example",8270.32,"bronze"
5550672,"Zephyrina Quillfeather096","zq096.real@secret-corp.example",8283.69,"gold"
5550679,"Zephyrina Quillfeather097","zq097.real@secret-corp.example",8297.06,"silver"
5550686,"Zephyrina Quillfeather098","zq098.real@secret-corp.example",8310.43,"bronze"
5550693,"Zephyrina Quillfeather099","zq099.real@secret-corp.example",8323.8,"gold"
5550700,"Zephyrina Quillfeather100","zq100.real@secret-corp.example",8337.17,"silver"
5550707,"Zephyrina Quillfeather101","zq101.real@secret-corp.example",8350.54,"bronze"
5550714,"Zephyrina Quillfeather102","zq102.real@secret-corp.example",8363.91,"gold"
5550721,"Zephyrina Quillfeather103","zq103.real@secret-corp.example",8377.28,"silver"
5550728,"Zephyrina Quillfeather104","zq104.real@secret-corp.example",8390.65,"bronze"
5550735,"Zephyrina Quillfeather105","zq105.real@secret-corp.example",8404.02,"gold"
5550742,"Zephyrina Quillfeather106","zq106.real@secret-corp.example",8417.39,"silver"
5550749,"Zephyrina Quillfeather107","zq107.real@secret-corp.example",8430.76,"bronze"
5550756,"Zephyrina Quillfeather108","zq108.real@secret-corp.example",8444.13,"gold"
5550763,"Zephyrina Quillfeather109","zq109.real@secret-corp.example",8457.5,"silver"
5550770,"Zephyrina Quillfeather110","zq110.real@secret-corp.example",8470.87,"bronze"
5550777,"Zephyrina Quillfeather111","zq111.real@secret-corp.example",8484.24,"gold"
5550784,"Zephyrina Quillfeather112","zq112.real@secret-corp.example",8497.61,"silver"
5550791,"Zephyrina Quillfeather113","zq113.real@secret-corp.example",8510.98,"bronze"
5550798,"Zephyrina Quillfeather114","zq114.real@secret-corp.example",8524.35,"gold"
5550805,"Zephyrina Quillfeather115","zq115.real@secret-corp.example",8537.72,"silver"
5550812,"Zephyrina Quillfeather116","zq116.real@secret-corp.example",8551.09,"bronze"
5550819,"Zephyrina Quillfeather117","zq117.real@secret-corp.example",8564.46,"gold"
5550826,"Zephyrina Quillfeather118","zq118.real@secret-corp.example",8577.83,"silver"
5550833,"Zephyrina Quillfeather119","zq119.real@secret-corp.example",8591.2,"bronze"
