"name","email","age"
"Real Name 0","real0@vectors.example",18
"Real Name 1","real1@vectors.example",25
"Real Name 2","real2@vectors.example",32
"Real Name 3","real3@vectors.example",39
"Real Name 4","real4@vectors.example",46
"Real Name 5","real5@vectors.example",53
"Real Name 6","real6@vectors.example",60
"Real Name 7","real7@vectors.example",67
"Real Name 8","real8@vectors.example",74
"Real Name 9","real9@vectors.example",21
"Real Name 10","real10@vectors.example",28
"Real Name 11","real11@vectors.example",35
"Real Name 12","real12@vectors.example",42
"Real Name 13","real13@vectors.example",49
"Real Name 14","real14@vectors.example",56
"Real Name 15","real15@vectors.example",63
"Real Name 16","real16@vectors.example",70
"Real Name 17","real17@vectors.example",77
"Real Name 18","real18@vectors.example",24
"Real Name 19","real19@vectors.example",31
