"customer_id","email","full_name"
1,"person1@example.com","Person Number1"
2,"person2@example.com","Person Number2"
3,"person3@example.com","Person Number3"
4,"person4@example.com","Person Number4"
5,"person5@example.com","Person Number5"
6,"person6@example.com","Person Number6"
7,"person7@example.com","Person Number7"
8,"person8@example.com","Person Number8"
9,"person9@example.com","Person Number9"
10,"person10@example.com","Person Number10"
11,"person11@example.com","Person Number11"
12,"person12@example.com","Person Number12"
13,"person13@example.com","Person Number13"
14,"person14@example.com","Person Number14"
15,"person15@example.com","Person Number15"
16,"person16@example.com","Person Number16"
17,"person17@example.com","Person Number17"
18,"person18@example.com","Person Number18"
19,"person19@example.com","Person Number19"
20,"person20@example.com","Person Number20"
21,"person21@example.com","Person Number21"
22,"person22@example.com","Person Number22"
23,"person23@example.com","Person Number23"
24,"person24@example.com","Person Number24"
25,"person25@example.com","Person Number25"
26,"person26@example.com","Person Number26"
27,"person27@example.com","Person Number27"
28,"person28@example.com","Person Number28"
29,"person29@example.com","Person Number29"
30,"person30@example.com","Person Number30"
31,"person31@example.com","Person Number31"
32,"person32@example.com","Person Number32"
33,"person33@example.com","Person Number33"
34,"person34@example.com","Person Number34"
35,"person35@example.com","Person Number35"
36,"person36@example.com","Person Number36"
37,"person37@example.com","Person Number37"
38,"person38@example.com","Person Number38"
39,"person39@example.com","Person Number39"
40,"person40@example.com","Person Number40"
41,"person41@example.com","Person Number41"
42,"person42@example.com","Person Number42"
43,"person43@example.com","Person Number43"
44,"person44@example.com","Person Number44"
45,"person45@example.com","Person Number45"
46,"person46@example.com","Person Number46"
47,"person47@example.com","Person Number47"
48,"person48@example.com","Person Number48"
49,"person49@example.com","Person Number49"
50,"person50@example.com","Person Number50"
