"order_id","customer_id","status_code","amount"
1,1,1,10
2,2,2,10.5
3,3,3,11
4,4,4,11.5
5,5,5,12
6,6,1,12.5
7,7,2,13
8,8,3,13.5
9,9,4,14
10,10,5,14.5
11,11,1,15
12,12,2,15.5
13,13,3,16
14,14,4,16.5
15,15,5,17
16,16,1,17.5
17,17,2,18
18,18,3,18.5
19,19,4,19
20,20,5,19.5
21,21,1,20
22,22,2,20.5
23,23,3,21
24,24,4,21.5
25,25,5,22
26,26,1,22.5
27,27,2,23
28,28,3,23.5
29,29,4,24
30,30,5,24.5
31,31,1,25
32,32,2,25.5
33,33,3,26
34,34,4,26.5
35,35,5,27
36,36,1,27.5
37,37,2,28
38,38,3,28.5
39,39,4,29
40,40,5,29.5
41,41,1,30
42,42,2,30.5
43,43,3,31
44,44,4,31.5
45,45,5,32
46,46,1,32.5
47,47,2,33
48,48,3,33.5
49,49,4,34
50,50,5,34.5
51,1,1,35
52,2,2,35.5
53,3,3,36
54,4,4,36.5
55,5,5,37
56,6,1,37.5
57,7,2,38
58,8,3,38.5
59,9,4,39
60,10,5,39.5
61,11,1,40
62,12,2,40.5
63,13,3,41
64,14,4,41.5
65,15,5,42
66,16,1,42.5
67,17,2,43
68,18,3,43.5
69,19,4,44
70,20,5,44.5
71,21,1,45
72,22,2,45.5
73,23,3,46
74,24,4,46.5
75,25,5,47
76,26,1,47.5
77,27,2,48
78,28,3,48.5
79,29,4,49
80,30,5,49.5
81,31,1,50
82,32,2,50.5
83,33,3,51
84,34,4,51.5
85,35,5,52
86,36,1,52.5
87,37,2,53
88,38,3,53.5
89,39,4,54
90,40,5,54.5
91,41,1,55
92,42,2,55.5
93,43,3,56
94,44,4,56.5
95,45,5,57
96,46,1,57.5
97,47,2,58
98,48,3,58.5
99,49,4,59
100,50,5,59.5
101,1,1,60
102,2,2,60.5
103,3,3,61
104,4,4,61.5
105,5,5,62
106,6,1,62.5
107,7,2,63
108,8,3,63.5
109,9,4,64
110,10,5,64.5
111,11,1,65
112,12,2,65.5
113,13,3,66
114,14,4,66.5
115,15,5,67
116,16,1,67.5
117,17,2,68
118,18,3,68.5
119,19,4,69
120,20,5,69.5
121,21,1,70
122,22,2,70.5
123,23,3,71
124,24,4,71.5
125,25,5,72
126,26,1,72.5
127,27,2,73
128,28,3,73.5
129,29,4,74
130,30,5,74.5
131,31,1,75
132,32,2,75.5
133,33,3,76
134,34,4,76.5
135,35,5,77
136,36,1,77.5
137,37,2,78
138,38,3,78.5
139,39,4,79
140,40,5,79.5
141,41,1,80
142,42,2,80.5
143,43,3,81
144,44,4,81.5
145,45,5,82
146,46,1,82.5
147,47,2,83
148,48,3,83.5
149,49,4,84
150,50,5,84.5
151,1,1,85
152,2,2,85.5
153,3,3,86
154,4,4,86.5
155,5,5,87
156,6,1,87.5
157,7,2,88
158,8,3,88.5
159,9,4,89
160,10,5,89.5
161,11,1,90
162,12,2,90.5
163,13,3,91
164,14,4,91.5
165,15,5,92
166,16,1,92.5
167,17,2,93
168,18,3,93.5
169,19,4,94
170,20,5,94.5
171,21,1,95
172,22,2,95.5
173,23,3,96
174,24,4,96.5
175,25,5,97
176,26,1,97.5
177,27,2,98
178,28,3,98.5
179,29,4,99
180,30,5,99.5
181,31,1,100
182,32,2,100.5
183,33,3,101
184,34,4,101.5
185,35,5,102
186,36,1,102.5
187,37,2,103
188,38,3,103.5
189,39,4,104
190,40,5,104.5
191,41,1,105
192,42,2,105.5
193,43,3,106
194,44,4,106.5
195,45,5,107
196,46,1,107.5
197,47,2,108
198,48,3,108.5
199,49,4,109
200,50,5,109.5
