id,email,status,amount
0,user0@example.com,new,117
1,user1@example.com,new,135
2,user2@example.com,paid,175
3,user3@example.com,paid,173
4,user4@example.com,refund,140
5,user5@example.com,paid,159
6,user6@example.com,new,166
7,user7@example.com,refund,138
8,user8@example.com,new,145
9,user9@example.com,new,135
10,user10@example.com,refund,191
11,user11@example.com,new,135
12,user12@example.com,new,175
13,user13@example.com,paid,154
14,user14@example.com,refund,154
15,user15@example.com,new,170
16,user16@example.com,refund,154
17,user17@example.com,paid,171
18,user18@example.com,refund,152
19,user19@example.com,new,164
20,user20@example.com,paid,194
21,user21@example.com,paid,136
22,user22@example.com,refund,158
23,user23@example.com,refund,146
24,user24@example.com,refund,156
25,user25@example.com,paid,142
26,user26@example.com,refund,173
27,user27@example.com,paid,146
28,user28@example.com,refund,164
29,user29@example.com,paid,124
30,user30@example.com,paid,115
31,user31@example.com,refund,128
32,user32@example.com,paid,146
33,user33@example.com,new,147
34,user34@example.com,refund,156
35,user35@example.com,new,130
36,user36@example.com,paid,120
37,user37@example.com,refund,141
38,user38@example.com,refund,135
39,user39@example.com,refund,165
